{"type":"nation","electorate":50929098,"turnout_abs":25564410,"leave_abs":12618117,"remain_abs":12946293,"turnout_pct":50.19607847757288,"leave_pct":49.35813891265239,"remain_pct":50.64186108734761}