{"type":"nation","electorate":50929098,"turnout_abs":25319696,"leave_abs":13221287,"remain_abs":12098409,"turnout_pct":49.71557909782733,"leave_pct":52.21740024050842,"remain_pct":47.78259975949158}