{"outcome":"LEAVE","remain_percentage_share":48.20142527425724,"leave_percentage_share":51.79857472574276,"percentage_turnout":71.85192251298072,"number_of_results":343,"total_voting_areas":382,"remain_votes":14152259,"leave_votes":15208406,"turnout":29360665,"electorate":40862741,"state":1}